title,year
Powder,1995
The City of Lost Children,1995
Twelve Monkeys,1995
Lawnmower Man 2: Beyond Cyberspace,1996
Screamers,1995
Shopping,1994
Unforgettable,1996
Congo,1995
Johnny Mnemonic,1995
Judge Dredd,1995
Mighty Morphin Power Rangers: The Movie,1995
Species,1995
Strange Days,1995
Gumby: The Movie,1995
A Kid in King Arthur's Court,1995
Star Wars,1977
Mary Shelley's Frankenstein,1994
Nemesis 2 - Nebula,1995
Outbreak,1995
Stargate,1994
Tank Girl,1995
Star Trek: Generations,1994
Village of the Damned,1995
Virtuosity,1995
Timecop,1994
The Secret Adventures of Tom Thumb,1993
Highlander: The Final Dimension,1994
Body Snatchers,1993
Coneheads,1993
Demolition Man,1993
Jurassic Park,1993
No Escape,1994
North,1994
The Puppet Masters,1994
RoboCop 3,1993
The Shadow,1994
Blade Runner,1982
The Pagemaster,1994
Terminator 2: Judgment Day,1991
Heavy Metal,1981
Hellraiser: Bloodline,1996
Theodore Rex,1995
Mystery Science Theater 3000: The Movie,1996
Barbarella,1968
They Bite,1996
Alphaville,1965
Solo,1996
The Visitors,1993
Multiplicity,1996
Barb Wire,1996
Ghost in the Shell,1995
The Arrival,1996
Jack,1996
Independence Day,1996
The Nutty Professor,1996
Phenomenon,1996
Kazaam,1996
Chain Reaction,1996
Escape from L.A.,1996
The Island of Dr. Moreau,1996
2001: A Space Odyssey,1968
Escape to Witch Mountain,1975
"20,000 Leagues Under the Sea",1954
The Lawnmower Man,1992
Sleeper,1973
E.T. the Extra-Terrestrial,1982
The Abyss,1989
Escape from New York,1981
Delicatessen,1991
The Empire Strikes Back,1980
Brazil,1985
Aliens,1986
A Clockwork Orange,1971
Return of the Jedi,1983
Alien,1979
A Grand Day Out,1990
Stalker,1979
The Terminator,1984
The Day the Earth Stood Still,1951
Bad Taste,1987
Back to the Future,1985
Akira,1988
Young Frankenstein,1974
Somewhere in Time,1980
Forbidden Planet,1956
Until the End of the World,1991
Alien³,1992
The Blob,1958
Blood Beach,1980
Bride of Frankenstein,1935
Star Trek: First Contact,1996
The Preacher's Wife,1996
Star Trek: The Motion Picture,1979
Star Trek VI: The Undiscovered Country,1991
Star Trek V: The Final Frontier,1989
Star Trek II: The Wrath of Khan,1982
Star Trek III: The Search for Spock,1984
Star Trek IV: The Voyage Home,1986
Adrenalin: Fear the Rush,1996
Mars Attacks!,1996
The Machine,1994
The Saint,1997
Turbo: A Power Rangers Movie,1997
Double Team,1997
Volcano,1997
Austin Powers: International Man of Mystery,1997
The Fifth Element,1997
Nowhere,1997
The Lost World: Jurassic Park,1997
Tetsuo II: Body Hammer,1992
Face/Off,1997
Men in Black,1997
Contact,1997
Event Horizon,1997
Spawn,1997
Steel,1997
Kull the Conqueror,1997
RocketMan,1997
Gattaca,1997
Phantoms,1998
A Life Less Ordinary,1997
Starship Troopers,1997
Mortal Kombat: Annihilation,1997
Alien: Resurrection,1997
Alien Escape,1996
Flubber,1997
Time Tracers,1997
Dark City,1998
Star Kid,1997
Deep Rising,1998
Sphere,1998
Lost in Space,1998
Species II,1998
Godzilla,1998
Hav Plenty,1997
The X Files,1998
Armageddon,1998
Small Soldiers,1998
Plan 9 from Outer Space,1959
Repo Man,1984
Halloween III: Season of the Witch,1982
Soylent Green,1973
Metropolis,1927
Back to the Future Part II,1989
Back to the Future Part III,1990
The Absent-Minded Professor,1961
Babes in Toyland,1961
Dune,1984
Disturbing Behavior,1998
The Black Hole,1979
The Cat from Outer Space,1978
Darby O'Gill and the Little People,1959
The Devil and Max Devlin,1981
Flight of the Navigator,1986
Honey I Blew Up the Kid,1992
"Honey, I Shrunk the Kids",1989
Return from Witch Mountain,1978
The Rocketeer,1991
Tron,1982
The Man with Two Brains,1983
Nineteen Eighty-Four,1984
The Dead Zone,1983
Maximum Overdrive,1986
The Nutty Professor,1963
Attack of the Killer Tomatoes!,1978
Surf Nazis Must Die,1987
Cube,1997
Toys,1992
Parasite,1982
The Butcher's Wife,1991
Six-String Samurai,1998
Them!,1954
The Thing,1982
2010,1984
Soldier,1998
The Stepford Wives,1975
Heart Condition,1990
Godzilla,1954
Godzilla 1985,1984
King Kong vs. Godzilla,1962
Lifeforce,1985
Star Trek: Insurrection,1998
Santa Claus: The Movie,1985
Cocoon,1985
Cocoon: The Return,1988
The Faculty,1998
Mighty Joe Young,1949
Virus,1999
The Garbage Pail Kids Movie,1987
Howard the Duck,1986
The Boy Who Could Fly,1986
The Fly,1958
The Fly,1986
The Fly II,1989
Deadly Friend,1986
Fantastic Planet,1973
My Favorite Martian,1999
Alligator,1980
Meteor,1979
Westworld,1973
Logan's Run,1976
Planet of the Apes,1968
Beneath the Planet of the Apes,1970
Battle for the Planet of the Apes,1973
Conquest of the Planet of the Apes,1972
Escape from the Planet of the Apes,1971
The Rage: Carrie 2,1999
Wing Commander,1999
Village of the Damned,1960
Children of the Damned,1964
Baby Geniuses,1999
The Matrix,1999
The Sticky Fingers of Time,1997
eXistenZ,1999
The Mighty Peking Man,1977
Night of the Comet,1984
Chopping Mall,1986
My Science Project,1985
Star Wars: Episode I - The Phantom Menace,1999
Superman,1978
Superman II,1980
Superman III,1983
Superman IV: The Quest for Peace,1987
House of Dracula,1945
House of Frankenstein,1944
Frankenstein,1931
Son of Frankenstein,1939
The Ghost of Frankenstein,1942
Frankenstein Meets the Wolf Man,1943
The Curse of Frankenstein,1957
Tarantula,1955
The Rocky Horror Picture Show,1975
The Flying Saucer,1950
The Thing from Another World,1951
It Came from Outer Space,1953
The War of the Worlds,1953
It Came from Beneath the Sea,1955
Invasion of the Body Snatchers,1956
Earth vs. the Flying Saucers,1956
It Conquered the World,1956
The Mole People,1956
Swamp Thing,1982
The Thirteenth Floor,1999
Austin Powers: The Spy Who Shagged Me,1999
Zone 39,1996
Wild Wild West,1999
Muppets from Space,1999
Lake Placid,1999
Deep Blue Sea,1999
Mystery Men,1999
The Kindred,1987
The Iron Giant,1999
Universal Soldier: The Return,1999
Universal Soldier,1992
With Friends Like These...,1998
The Astronaut's Wife,1999
Nightmares,1983
New Rose Hotel,1998
Monkey Shines,1988
Phantasm,1979
The Mating Habits of the Earthbound Human,1999
Total Recall,1990
Man Facing Southeast,1986
Time Bandits,1981
RoboCop,1987
RoboCop 2,1990
Last Night,1998
Bride of Re-Animator,1989
Re-Animator,1985
The Omega Man,1971
Spaceballs,1987
The Ape,1940
The Adventures of Buckaroo Banzai Across the 8th Dimension,1984
"Goodbye, 20th Century",1998
Bicentennial Man,1999
Galaxy Quest,1999
Supernova,2000
The Boys from Brazil,1978
Poison,1991
Forever Young,1992
Conceiving Ada,1999
Pitch Black,2000
What Planet Are You From?,2000
Bride of the Monster,1955
Mission to Mars,2000
Destination Moon,1950
On the Beach,1959
Date With an Angel,1987
We're Back! A Dinosaur's Story,1993
Baby: Secret of the Lost Legend,1985
Teenage Mutant Ninja Turtles,1990
Teenage Mutant Ninja Turtles II: The Secret of the Ooze,1991
Teenage Mutant Ninja Turtles III,1993
Solar Crisis,1990
Heart and Souls,1993
Close Encounters of the Third Kind,1977
Retroactive,1997
Devil Girl from Mars,1954
The Hideous Sun Demon,1958
Solaris,1972
Frequency,2000
Predator,1987
The Crow: Salvation,2000
The Flintstones in Viva Rock Vegas,2000
Carnosaur,1993
Carnosaur 2,1995
Carnosaur 3: Primal Species,1996
The Hidden,1987
Time Masters,1982
Battlefield Earth,2000
Lisa and the Devil,1973
Moonraker,1979
Quatermass and the Pit,1967
Quatermass II,1957
Eraserhead,1977
Flatliners,1990
Gandahar,1987
Class of Nuke 'Em High,1986
The Toxic Avenger,1984
The Toxic Avenger Part III: The Last Temptation of Toxie,1989
Night of the Creeps,1986
Predator 2,1990
The Running Man,1987
Starman,1984
The Brother from Another Planet,1984
Alien Nation,1988
Mad Max,1979
Mad Max 2: The Road Warrior,1981
Mad Max Beyond Thunderdome,1985
The Fury,1978
Titan A.E.,2000
Communion,1989
Dreamscape,1984
Project Moon Base,1953
Rocketship X-M,1950
X-Men,2000
Pokémon: The Movie 2000,1999
Freejack,1992
Sinbad and the Eye of the Tiger,1977
Thomas and the Magic Railroad,2000
Nutty Professor II: The Klumps,2000
Hollow Man,2000
The Brain That Wouldn't Die,1962
Phantasm II,1988
Phantasm III: Lord of the Dead,1994
Phantasm IV: Oblivion,1998
The Cell,2000
Godzilla 2000,1999
Supergirl,1984
X: The Unknown,1956
Highlander: Endgame,2000
"Faraway, So Close!",1993
Return of the Fly,1959
Voyage to the Bottom of the Sea,1961
Fantastic Voyage,1966
Creature from the Black Lagoon,1954
The Giant Gila Monster,1959
The Invisible Man,1933
The Killer Shrews,1959
Kronos,1957
Runaway,1984
Digimon: The Movie,2000
The Time Machine,1960
Red Planet,2000
The 6th Day,2000
Unbreakable,2000
Dungeons & Dragons,2000
Amazon Women on the Moon,1987
Cherry 2000,1987
Innerspace,1987
Masters of the Universe,1987
The Monster Squad,1987
Left Behind,2000
Down to Earth,2001
Recess: School's Out,2001
The Fantasticks,1995
"Die, Monster, Die!",1965
Battle Beyond the Stars,1980
DeepStar Six,1989
C.H.U.D.,1984
Just Visiting,2001
Tuvalu,1999
The Lost World,1925
Evolution,2001
Atlantis: The Lost Empire,2001
A.I. Artificial Intelligence,2001
Donovan's Brain,1953
Dr. Goldfoot and the Bikini Machine,1965
The Thing with Two Heads,1972
Village of the Giants,1965
X: The Man with the X-Ray Eyes,1963
The Day the Earth Caught Fire,1961
The 10th Victim,1965
Outland,1981
Final Fantasy: The Spirits Within,2001
More,1998
The Blob,1988
Critters,1986
Critters 2,1988
Critters 3,1991
Dead Heat,1988
"Elvira, Mistress of the Dark",1988
My Stepmother is an Alien,1988
Short Circuit 2,1988
Short Circuit,1986
Tetsuo: The Iron Man,1989
They Live,1988
Watchers,1988
Young Einstein,1988
Bill & Ted's Excellent Adventure,1989
C.H.U.D. II: Bud the Chud,1989
Chances Are,1989
Cyborg,1989
Dream a Little Dream,1989
Earth Girls Are Easy,1988
Leviathan,1989
Millennium,1989
Miracle Mile,1989
Jurassic Park III,2001
Planet of the Apes,2001
The Return of Swamp Thing,1989
Warlock: The Armageddon,1993
Def-Con 4,1985
Thomas in Love,2000
Altered States,1980
Ghosts of Mars,2001
Happy Accidents,2000
The American Astronaut,2001
Megiddo: The Omega Code 2,2001
When Worlds Collide,1951
Max Keeble's Big Move,2001
Spriggan,1998
K-PAX,2001
The One,2001
Timerider: The Adventure of Lyle Swann,1982
The Devil's Backbone,2001
The Incredible Shrinking Woman,1981
The Falls,1980
The Final Countdown,1980
Flash Gordon,1980
The Angry Red Planet,1959
At the Earth's Core,1976
Empire of the Ants,1977
Morons from Outer Space,1985
The People That Time Forgot,1977
The Incredible Shrinking Man,1957
Vanilla Sky,2001
Bill & Ted's Bogus Journey,1991
The Crawling Eye,1958
Sheena,1984
Silent Rage,1982
Spacehunter: Adventures in the Forbidden Zone,1983
Jimmy Neutron: Boy Genius,2001
Kate & Leopold,2001
Little Otik,2001
Truly Madly Deeply,1990
Fire and Ice,1983
Galaxina,1980
Impostor,2001
Brainstorm,1983
Seconds,1966
Hey Happy,2001
Metropolis,2001
Rollerball,2002
The Deadly Mantis,1957
Vampire Hunter D: Bloodlust,2000
FernGully: The Last Rainforest,1992
A Troll in Central Park,1994
The Time Machine,2002
Hangar 18,1980
Hawk the Slayer,1980
Humanoids from the Deep,1980
Death Watch,1980
Super Fuzz,1980
Resident Evil,2002
Split Second,1992
Simon,1980
Clockstoppers,2002
First Men in the Moon,1964
Joe Versus the Volcano,1990
Return of the Killer Tomatoes!,1988
The Watcher in the Woods,1980
Jason X,2001
The Giant Spider Invasion,1975
Star Wars: Episode II - Attack of the Clones,2002
CQ,2001
Silent Running,1972
The Manhattan Project,1986
Minority Report,2002
Men in Black II,2002
20 Million Miles to Earth,1957
Austin Powers in Goldmember,2002
Our Man Flint,1966
Signs,2002
Rollerball,1975
The Adventures of Pluto Nash,2002
S1m0ne,2002
The Care Bears Movie,1985
The Swarm,1978
Time After Time,1979
The Unearthly,1957
The Revenge of Frankenstein,1958
Spaced Invaders,1990
Suburban Commando,1991
The Tuxedo,2002
Mothra vs. Godzilla,1964
Godzilla's Revenge,1969
"Godzilla, King of the Monsters!",1956
The Incredible Mr. Limpet,1964
Tuck Everlasting,2002
Pokémon 4Ever: Celebi - Voice of the Forest,2001
The Pumaman,1980
Without Warning,1980
Galaxy of Terror,1981
Inseminoid,1981
Looker,1981
Time Changer,2002
Mutant Action,1993
Mysterious Island,1961
Legion of the Dead,2001
Scanners,1981
Cabbage Soup,1981
Solaris,2002
Treasure Planet,2002
The Island at the Top of the World,1974
Making Contact,1985
The Noah's Ark Principle,1984
Equilibrium,2002
Android,1982
The Beast Within,1982
Britannia Hospital,1982
The Challenge,1982
The Man Who Saves The World,1982
Star Trek: Nemesis,2002
Intacto,2001
Attack of the Crab Monsters,1957
The Day of the Triffids,1962
Invaders from Mars,1953
Heavy Metal 2000,2000
Endangered Species,1982
Firefox,1982
Human Highway,1982
Jekyll and Hyde ... Together Again,1982
Liquid Sky,1982
Megaforce,1982
Time Walker,1982
"Yor, the Hunter from the Future",1983
Deliver Us from Eva,2003
Daredevil,2003
The Man Who Fell to Earth,1976
The Meteor Man,1993
Mr. North,1988
Teenagers from Outer Space,1959
Dreamcatcher,2003
The Core,2003
Dreams,1990
Cowboy Bebop: The Movie,2001
Beginning of the End,1957
The Andromeda Strain,1971
Brainscan,1994
Fahrenheit 451,1966
X2,2003
The Matrix Reloaded,2003
The Sixth Man,1997
The Spirit of '76,1990
28 Days Later,2002
Hulk,2003
Terminator 3: Rise of the Machines,2003
The League of Extraordinary Gentlemen,2003
Northfork,2003
Spy Kids 3-D: Game Over,2003
Eve of Destruction,1991
The Blood of Heroes,1989
Princess Blade,2001
The Day of the Dolphin,1973
Man's Best Friend,1993
THX 1138,1971
Atragon,1963
The Mysterians,1957
Attack of the Puppet People,1958
"The Beast from 20,000 Fathoms",1953
The Handmaid's Tale,1990
Day of the Dead,1985
Memoirs of an Invisible Man,1992
The Brood,1979
Videodrome,1983
Avalon,2001
Black Moon Rising,1986
The Reluctant Astronaut,1967
Wilder Napalm,1993
Contamination,1980
The Amazing Transparent Man,1960
Kingdom of the Spiders,1977
Good Boy!,2003
Returner,2002
Impulse,1984
Alien from L.A.,1988
The Black Scorpion,1957
Frankenstein and the Monster from Hell,1973
The Matrix Revolutions,2003
The Big Empty,2003
Timeline,2003
Darkman,1990
Death Machine,1994
The Last Battle,1983
WarGames,1983
Hercules in New York,1969
Highlander II: The Quickening,1991
Invasion of the Body Snatchers,1978
Mr. Destiny,1990
A Midsummer Night's Dream,1935
Royal Space Force - The Wings Of Honneamise,1987
Things to Come,1936
Metalstorm: The Destruction of Jared-Syn,1983
The Element of Crime,1984
Paycheck,2003
Real Men,1987
Beyond Re-Animator,2003
Dr. Jekyll and Mr. Hyde,1941
A Boy and His Dog,1975
Marooned,1969
The Beast of Yucca Flats,1961
The Three Stooges in Orbit,1962
The Butterfly Effect,2004
The Lost Skeleton of Cadavra,2001
Allegro non troppo,1976
Robot Stories,2003
Eternal Sunshine of the Spotless Mind,2004
Hellboy,2004
Beyond the Stars,1989
The Food of the Gods,1976
Food of the Gods II,1989
Munchies,1987
Godsend,2004
Enemy Mine,1985
Cat-Women of the Moon,1953
Babylon 5: In the Beginning,1998
Steel Dawn,1987
Explorers,1985
Ghost in the Machine,1993
Babylon 5: A Call to Arms,1999
Babylon 5: The River of Souls,1998
Babylon 5: Thirdspace,1998
Zardoz,1974
Cypher,2002
Frank Herbert's Children of Dune,2003
Frank Herbert's Dune,2000
Tremors 2: Aftershocks,1996
Tremors 3: Back to Perfection,2001
The Last Man on Earth,1964
Frankenstein Must Be Destroyed,1969
From Beyond,1986
Robot Jox,1989
Space Truckers,1996
Not of This Earth,1988
Death Race 2000,1975
Planet of the Vampires,1965
Frankenstein Unbound,1990
City Limits,1984
Wonderful Days,2003
Indestructible Man,1956
The Wasp Woman,1959
Attack of the Giant Leeches,1959
Charly,1968
"Atlantis, the Lost Continent",1961
Jin-Roh: The Wolf Brigade,1999
The Lift,1983
Batteries not Included,1987
The Walking Dead,1936
The Day After Tomorrow,2004
The Chronicles of Riddick,2004
The Stepford Wives,2004
Hello Again,1987
Meet the Applegates,1991
Robot Carnival,1987
This Island Earth,1955
La Jetée,1962
Godzilla vs. Mechagodzilla,1974
Dr. Jekyll and Mr. Hyde,1931
Undead,2003
The Philadelphia Experiment,1984
All of Me,1984
The Last Starfighter,1984
"I, Robot",2004
Fist of the North Star,1995
Flash Gordon Conquers the Universe,1940
Slaughterhouse-Five,1972
Two of a Kind,1983
The President's Analyst,1967
The Creeping Flesh,1973
Biggles,1986
The Three Lives of Thomasina,1963
Thunderbirds,2004
Thunderbirds are GO,1966
Thunderbird 6,1968
Revengers Tragedy,2002
Code 46,2003
AVP: Alien vs. Predator,2004
Yu-Gi-Oh! The Movie,2004
The Spaceman and King Arthur,1979
Anacondas: The Hunt for the Blood Orchid,2004
The Mangler,1995
The Apple,1980
Resident Evil: Apocalypse,2004
Sky Captain and the World of Tomorrow,2004
The Forgotten,2004
Class of Nuke 'Em High 2: Subhumanoid Meltdown,1991
Sssssss,1973
The Alligator People,1959
I Married a Monster from Outer Space,1958
Bug,1975
Primer,2004
The Final Cut,2004
The Dust Factory,2004
It's All About Love,2003
Blade: Trinity,2004
Conquest of Space,1955
D.A.R.Y.L.,1985
The Invisible Man Returns,1940
Dr. Jekyll and Mr. Hyde,1920
The Golem: How He Came Into the World,1920
Island of Lost Souls,1932
The Son of Kong,1933
Heaven Can Wait,1943
Abbott and Costello Meet Dr. Jekyll and Mr. Hyde,1953
Rodan,1956
Fiend Without a Face,1958
Invisible Invaders,1959
The Leech Woman,1960
Robinson Crusoe on Mars,1964
Batman,1966
"Gappa, the Triphibian Monster",1967
Colossus: The Forbin Project,1970
Journey to the Far Side of the Sun,1969
Gamera vs. Jiger,1970
Blood of Ghastly Horror,1972
Brother John,1971
Dark Star,1974
Invasion of the Bee Girls,1973
Phase IV,1974
The Living Dead at Manchester Morgue,1974
The Little Prince,1974
The Terminal Man,1974
Futureworld,1976
Demon Seed,1977
Capricorn One,1977
Parts: The Clonus Horror,1979
Quintet,1979
The Hitch Hikers Guide to the Galaxy,1981
Blue Thunder,1983
The Day After,1983
The Raiders of Atlantis,1983
Rock & Rule,1983
Strange Invaders,1983
Twilight Zone: The Movie,1983
The Ewok Adventure,1985
The Ice Pirates,1984
Barbarian Queen,1985
Creator,1985
The Quiet Earth,1985
The Stuff,1985
Dead End Drive-In,1986
Solarbabies,1986
G.I. Joe: The Movie,1987
Hell Comes to Frogtown,1988
Ashik Kerib,1988
Killer Klowns from Outer Space,1988
Moon 44,1990
Almost an Angel,1990
Frankenhooker,1990
Patlabor: The Movie,1989
Dollman,1991
Mannequin Two: On the Move,1991
Captain America,1990
The Bride with White Hair,1993
Cyborg 2,1993
Fortress,1992
Philadelphia Experiment II,1993
Darkman II: The Return of Durant,1995
Macross Plus: Movie Edition,1995
The Langoliers,1995
Earth,1996
Nirvana,1997
Beowulf,1999
Brave New World,1998
Purgatory,1999
Vidocq,2001
The End of Evangelion,1997
2046,2004
Possible Worlds,2000
Mimic 2,2001
Blood: The Last Vampire,2000
Electric Dragon 80.000 V,2001
Stranded,2001
Samouraïs,2002
Cube²: Hypercube,2002
Nothing,2003
Dead or Alive: Final,2002
Immortal,2004
A Sound of Thunder,2005
Resurrection of The Little Match Girl,2002
Alien Hunter,2003
The Animatrix,2003
Alive,2002
Ghost in the Shell 2: Innocence,2004
The Cathedral,2002
The Book of Fate,2003
GhostWatcher,2002
Moon Child,2003
Starship Troopers 2: Hero of the Federation,2004
Interstella 5555: The 5tory of the 5ecret 5tar 5ystem,2003
The Girl from Monday,2005
A Scanner Darkly,2006
Casshern,2004
Kamikaze Girls,2004
Testament,1983
Son of Godzilla,1967
Wizards,1977
Abbott and Costello Go to Mars,1953
Appleseed,2004
Iceman,1984
Shivers,1975
Beastmaster 2: Through the Portal of Time,1991
Dr. Who and the Daleks,1965
Aliens of the Deep,2005
Magic in the Water,1995
Double Dragon,1994
Mac and Me,1988
2009: Lost Memories,2002
Steamboy,2004
The Five People You Meet In Heaven,2004
The ChubbChubbs!,2002
Robots,2005
Godzilla vs. The Sea Monster,1966
Godzilla vs. Mechagodzilla II,1993
DNA,1997
Cube Zero,2004
Save the Green Planet!,2003
Matango: Attack of the Mushroom People,1963
Tammy and the T-Rex,1994
Natural City,2003
Memories,1995
Invasion of Astro-Monster,1965
Sexmission,1984
A Trip to the Moon,1902
Frankenfish,2004
The Hitchhiker's Guide to the Galaxy,2005
Mutant Aliens,2002
Rouge,1987
Star Wars: Episode III - Revenge of the Sith,2005
The Invisible Woman,1940
The Adventures of Sharkboy and Lavagirl,2005
Daybreak,1993
Godzilla vs. Biollante,1989
Godzilla: Final Wars,2004
Retrograde,2004
Man with the Screaming Brain,2005
The I Inside,2004
War of the Worlds,2005
Godzilla vs. Hedorah,1971
Fantastic Four,2005
C.H.O.M.P.S.,1979
No Blade of Grass,1970
Hardware,1990
The Island,2005
Serenity,2005
Man-Thing,2005
The Three Stooges Meet Hercules,1962
One Point O,2004
Kin-dza-dza!,1986
Born in Flames,1983
200 Motels,1971
Æon Flux,2005
Wedlock,1991
The Wraith,1986
Star Wreck: In the Pirkinning,2005
Left Behind III: World at War,2005
Damnation Alley,1977
Night of the Big Heat,1967
Night of the Lepus,1972
Zathura: A Space Adventure,2005
The Evil of Frankenstein,1964
Paheli,2005
Threads,1984
Voices of a Distant Star,2002
District B13,2004
Underworld: Evolution,2006
The Creeping Unknown,1955
Gamera vs. Gyaos,1967
Panic in Year Zero!,1962
Ultraviolet,2006
Ultimate Avengers,2006
Five Children and It,2004
The Illustrated Man,1969
Leprechaun 4: In Space,1996
The Wild Blue Yonder,2005
Evil Aliens,2006
The Dark Hours,2005
Slither,2006
Renaissance,2006
X-Men: The Last Stand,2006
My Super Ex-Girlfriend,2006
Hollow Man II,2006
The Sheriff and the Satellite Kid,1979
Superman Returns,2006
Mimic: Sentinel,2003
Krrish,2006
Prophecy,1979
Subject Two,2006
Executioners,1993
Tideland,2005
The Covenant,2006
Idiocracy,2006
The Fountain,2006
G.O.R.A.,2004
Dr. Cyclops,1940
Children of Men,2006
Death of a President,2006
The Butterfly Effect 2,2006
"The World, the Flesh and the Devil",1959
Mom and Dad Save the World,1992
Déjà Vu,2006
The Place Promised in Our Early Days,2004
Happily N'Ever After,2006
Dead Meat,2004
The Astronaut Farmer,2006
The Strange Case of Dr. Jekyll and Mr. Hyde,1968
First Man Into Space,1959
Next,2007
Babylon 5: The Gathering,1993
First on the Moon,2005
The Lathe of Heaven,1980
Atlantis: Milo's Return,2003
The Host,2006
Dreamland,2006
Sunshine,2007
Origin: Spirits of the Past,2006
The Devil Commands,1941
Tales from Earthsea,2006
Paprika,2006
28 Weeks Later,2007
The Man from Planet X,1951
Godzilla vs. Mothra,1992
Godzilla vs. Destoroyah,1995
Godzilla vs. King Ghidorah,1991
Starcrash,1978
Robot Monster,1953
Silk,2006
Transformers,2007
The Invasion,2007
The Nines,2007
Daft Punk's Electroma,2006
Resident Evil: Extinction,2007
Alien Autopsy,2006
Decoys,2004
Citizen Dog,2004
Space Is the Place,1974
The Man from Earth,2007
Southland Tales,2006
Ever Since the World Ended,2001
Harrison Bergeron,1995
The Mist,2007
I Am Legend,2007
Futurama: Bender's Big Score,2007
Day of the Dead 2: Contagium,2005
Allegro,2005
Aliens vs Predator: Requiem,2007
Battlestar Galactica: Razor,2007
The Mission,1999
Santa Claus Conquers the Martians,1964
Dragon Wars: D-War,2007
Cloverfield,2008
Cat Soup,2001
The Girl Who Leapt Through Time,2006
The Signal,2007
Hellboy II: The Golden Army,2008
World on a Wire,1973
Dark Angel,1990
Crime Zone,1989
Jumper,2008
Doomsday,2008
VeggieTales: The Pirates Who Don't Do Anything,2008
Diary of the Dead,2007
Justice League: The New Frontier,2008
The District,2004
Return of the Living Dead 3,1993
CJ7,2008
Terror of Mechagodzilla,1975
The Aerial,2007
Superhero Movie,2008
Speed Racer,2008
Gabriel,2007
Black Friday,1940
The Invisible Ray,1936
Iron Man,2008
Stargate: The Ark of Truth,2008
The Andromeda Strain,2008
Flesh Gordon,1974
The Lost World,1960
Doctor Who,1996
The Happening,2008
The Incredible Hulk,2008
St. Trinian's,2007
Futurama: The Beast with a Billion Backs,2008
Mauvais Sang,1986
Dante 01,2008
Journey to the Center of the Earth,2008
Meet Dave,2008
Stargate: Continuum,2008
Watchmen,2009
War Games: The Dead Code,2008
The X Files: I Want to Believe,2008
Heart of a Dog,1988
Fist of the North Star,1986
The Objective,2008
Star Wars: The Clone Wars,2008
Mutant Chronicles,2008
Death Race,2008
Fly Me to the Moon,2008
Babylon A.D.,2008
The Spirit,2008
Altered,2006
On the Beach,2000
Moonbase,1997
1984,1956
Dead Man's Letters,1986
Dead Leaves,2004
"20,000 Leagues Under the Sea",1916
Fallout,1998
Quarantine,2008
Black Moon,1975
Babylon 5: The Legend of the Rangers - To Live and Die in Starlight,2002
Babylon 5: The Lost Tales - Voices in the Dark,2007
Futurama: Bender's Game,2008
Tin Man,2007
Blindness,2008
Tokyo Gore Police,2008
Farscape: The Peacekeeper Wars,2004
Critters 4,1992
Christmas on Mars,2008
The Face of Another,1966
The Devil-Doll,1936
Dinotopia,2002
The Guyver,1991
The Day the Earth Stood Still,2008
Starship Troopers 3: Marauder,2008
Cyborg She,2008
Delgo,2008
Meltdown: Days of Destruction,2006
Andromeda Nebula,1967
H.G. Wells' War of the Worlds,2005
War of the Worlds 2: The Next Wave,2008
Alien Raiders,2008
Chandu the Magician,1932
"Have Rocket, Will Travel",1959
The Dungeonmaster,1984
Replicant,2001
Timecrimes,2007
Underworld: Rise of the Lycans,2009
Galaxy Express 999,1979
Repo! The Genetic Opera,2008
12:01,1993
Outlander,2008
TerrorVision,1986
Trancers,1984
Against the Dark,2009
Street Fighter: The Legend of Chun-Li,2009
Screamers: The Hunting,2009
Far Cry,2008
Dr. Horrible's Sing-Along Blog,2008
Knowing,2009
Monsters vs Aliens,2009
The Butterfly Effect 3: Revelations,2009
Dragonball Evolution,2009
Flash Gordon,1936
Moon,2009
X-Men Origins: Wolverine,2009
Star Trek,2009
Knights of Bloodsteel,2009
S. Darko,2009
Terminator Salvation,2009
The Monster,1925
Neon Genesis Evangelion: Death and Rebirth,1997
Flash Gordon: Trip to Mars,1938
The War Game,1965
Special,2006
Land of the Lost,2009
The Crawling Hand,1963
Mindwarp,1992
The Land That Time Forgot,1975
Transformers: Revenge of the Fallen,2009
Final Approach,1991
Lady Death,2004
The Inhabited Island,2008
Franklyn,2008
Jonathan Livingston Seagull,1973
Aliens in the Attic,2009
District 9,2009
Race to Witch Mountain,2009
G.I. Joe: The Rise of Cobra,2009
Cold Souls,2009
Days of Darkness,2007
Evangelion: 1.0: You Are (Not) Alone,2007
Alien Trespass,2009
The Secret of Moonacre,2008
The Cell 2,2009
Meteor,2009
9,2009
Frequently Asked Questions About Time Travel,2009
Green Lantern: First Flight,2009
Pandorum,2009
Beast from Haunted Cave,1959
Return of the Ghostbusters,2007
Gamer,2009
Attack of the 50 Foot Woman,1958
Battle for Terra,2007
Metropia,2009
Surrogates,2009
Gayniggers from Outer Space,1992
"I, Monster",1971
Moon Warriors,1992
Dragonquest,2009
The Dark Lurking,2010
Aelita: Queen of Mars,1924
Astro Boy,2009
Battlestar Galactica: The Plan,2009
2012,2009
The Box,2009
The Fourth Kind,2009
Doomwatch,1972
Turtles Forever,2009
Sleep Dealer,2008
Asylum,2008
Planet 51,2009
Invaders from Mars,1986
Alice,2009
Avatar,2009
Bridge of Dragons,1999
Carriers,2009
Pontypool,2009
The Last Patrol,2001
Daybreakers,2009
The Book of Eli,2010
Metal Gear Solid: Philanthropy,2009
Puppet Master: The Legacy,2003
Blood: The Last Vampire,2009
Mega Shark vs Giant Octopus,2009
The Thaw,2009
Space Pirate Captain Harlock: Arcadia of My Youth,1982
Eden Log,2007
Isolation,2005
Teenage Caveman,2002
Generation X,1996
Survival of the Dead,2010
Repo Men,2010
After Last Season,2009
Hot Tub Time Machine,2010
Universal Soldier: Regeneration,2009
Growth,2010
Spiderman: The Ultimate Villain Showdown,2002
It! The Terror from Beyond Space,1958
When Dinosaurs Ruled the Earth,1970
The Moment After,1999
Solomon Kane,2009
Iron Man 2,2010
Virtuality,2009
Cargo,2009
Stingray Sam,2009
Halo Legends,2010
Splice,2009
It Happened Tomorrow,1944
Dream,2008
The Wild Hunt,2009
The Moment After 2: The Awakening,2006
TiMER,2009
Dead Air,2009
The Island of Dr. Moreau,1977
Predators,2010
Inception,2010
Creepshow 3,2007
The Phantom,2009
Dark Island,2010
Mr. Nobody,2009
Dr. Moreau's House of Pain,2004
Invisible Agent,1942
Crossworlds,1996
TEKKEN,2010
Retribution,2006
Golem,1980
Elephants Dream,2006
Resident Evil: Afterlife,2010
Infestation,2009
2012: Supernova,2009
Ricky,2009
Alice in Wonderland,1933
Monsters,2010
Never Let Me Go,2010
Countdown,1968
Kaboom,2010
Morning Patrol,1987
Road Train,2010
Megamind,2010
Trail of the Screaming Forehead,2008
Woman in the Moon,1929
1990: The Bronx Warriors,1982
Ten Minutes Older: The Cello,2002
Tales of an Ancient Empire,2010
The King of Fighters,2009
The Damned,1963
Skyline,2010
Doppelganger,2003
TRON: Legacy,2010
Top of the Food Chain,1999
On the Silver Globe,1988
The Scientist,2010
Malice in Wonderland,2009
Funky Forest: The First Contact,2005
"Je t'aime, je t'aime",1968
Clonehunter,2009
Cowboys & Aliens,2011
Gen 13,2000
Visit to a Small Planet,1960
Message from Space,1978
Five,1951
Limitless,2011
Evangelion: 2.0 You Can (Not) Advance,2009
"Belphegor, Phantom of the Louvre",2001
Virus X,2010
Paul,2011
The Asphyx,1972
The Adjustment Bureau,2011
The Tempest,1998
I Am Number Four,2011
Battle: Los Angeles,2011
Source Code,2011
The Kings of Mykonos,2010
L: Change the World,2008
Happy Here and Now,2002
Dead Space: Downfall,2008
Sex Galaxy,2008
Daffy Duck's Quackbusters,1988
Melancholia,2011
Atlas Shrugged Part I,2011
Dead Kids,1981
Priest,2011
Mothra,1961
Godzilla Raids Again,1955
One Hundred Mornings,2009
Destroy All Monsters,1968
The Speed of Thought,2011
Attack the Block,2011
X-Men: First Class,2011
Super 8,2011
Interkosmos,2006
Green Lantern,2011
"Ghidorah, the Three-Headed Monster",1964
Transformers: Dark of the Moon,2011
Monsturd,2003
Hunter Prey,2009
Mushi-Shi: The Movie,2006
Captain America: The First Avenger,2011
Quarantine 2: Terminal,2011
Children,2006
Without Warning,1994
Almighty Thor,2011
Dylan Dog: Dead of Night,2011
Death Race 2,2010
Rise of the Planet of the Apes,2011
Just Imagine,1930
Gantz,2011
Missile to the Moon,1958
The Little Girl Who Conquered Time,1983
Miranda,1948
Another Earth,2011
Stake Land,2010
Puzzlehead,2005
Backlight,2010
The Creation of the Humanoids,1962
Tooth and Nail,2007
Birdemic: Shock and Terror,2010
Contagion,2011
The Maze,1953
The Avengers,2012
Warrior of the Lost World,1983
Superman and the Mole-Men,1951
Generation P,2011
Blinky™,2011
On the Double,1961
Enthiran,2010
Ticking Clock,2011
Ghost from the Machine,2010
Zaat,1971
Real Steel,2011
Hell,2011
The Thing,2011
"O-Bi, O-Ba: The End of Civilization",1985
In Time,2011
2019: After the Fall of New York,1983
The War of the Robots,1978
Prisoners of the Lost Universe,1983
Unholy,2007
Queen of Blood,1966
Radioactive Dreams,1986
Batman: Year One,2011
Batman and Robin,1949
Three Days,2008
Gantz: Perfect Answer,2011
Xtro,1982
Hanussen,1988
Sharktopus,2010
The Hunger Games,2012
Womb,2010
G.I. Joe: The Revenge of Cobra,1984
The Darkest Hour,2011
The Divide,2011
Apollo 18,2011
Wyvern,2009
The Disappearance of Haruhi Suzumiya,2010
Vlad,2003
The Incredible Petrified World,1957
Collision Earth,2011
Chronicle,2012
King Kong Escapes,1967
Pitfall,1962
Journey 2: The Mysterious Island,2012
Perfect Sense,2011
Monstrosity,1963
The Dead,2010
Retreat,2011
Mega Shark vs. Crocosaurus,2010
Arena,2011
The Satan Bug,1965
Zone Troopers,1985
Dr. Goldfoot and the Girl Bombs,1966
The Earth Dies Screaming,1964
John Carter,2012
Pale Cocoon,2006
Princess of Mars,2009
Cencoroll,2009
Adventures of Captain Marvel,1941
Lockout,2012
"Caltiki, the Immortal Monster",1959
Space Battleship Yamato,2010
Nothing Lasts Forever,1984
The Frankenstein Syndrome,2010
Evolver,1994
Eden of the East Movie I: The King of Eden,2009
Four Sided Triangle,1953
4:44 Last Day on Earth,2011
Iron Sky,2012
Frankenstein,1910
The Gamma People,1956
"Wild, Wild Planet",1965
Mirror Mirror,2012
Battleship,2012
The Atomic Submarine,1959
Icarus XB 1,1963
Beyond the Black Rainbow,2010
Men in Black 3,2012
Sound of My Voice,2011
EVA,2011
Prometheus,2012
Bio Slime,2010
Superman: Doomsday,2007
Safety Not Guaranteed,2012
Dead Space: Aftermath,2010
Iria: Zeiram the Animation,1994
Detention,2011
Seeking a Friend for the End of the World,2012
Blood of the Vampire,1958
Extraterrestrial,2011
The Day the Fish Came Out,1967
2010: Moby Dick,2010
King of Thorn,2009
Goodbye Charlie,1964
Total Recall,2012
The Fantastic Four,1994
Infection,2004
Dragon Ball Z: Wrath of the Dragon,1995
The Door,2009
Decoys 2: Alien Seduction,2007
Steak,2007
The Capture of Bigfoot,1979
Warning from Space,1956
"Captain Video, Master of the Stratosphere",1951
Bells of Innocence,2003
Doomsday Book,2012
Branded,2012
Looper,2012
Robot & Frank,2012
Resident Evil: Retribution,2012
Dredd,2012
The Hamburg Syndrome,1979
2-Headed Shark Attack,2012
My Left Eye Sees Ghosts,2002
Tobor the Great,1954
Genocide,1968
"Goke, Body Snatcher from Hell",1968
A Safe Place,1971
Daleks' Invasion Earth: 2150 A.D.,1966
Atlas Shrugged Part II,2012
Arachnoquake,2012
Thermae Romae,2012
Drones,2010
The X from Outer Space,1967
Cloud Atlas,2012
The Day,2011
The Bay,2012
Vexille,2007
Red Dawn,2012
Storage 24,2012
Journey to Saturn,2008
Halo 4: Forward Unto Dawn,2012
The Lost Missile,1958
The Tempest,1980
Arcade,1993
Ghost Voyage,2008
The Congress,2013
Welcome to the Space Show,2010
Space Adventure Cobra,1982
Memory,2006
Snowmageddon,2011
Kung Fu Cult Master,1993
Antiviral,2012
Ghost Machine,2009
Dororo,2007
Willard,1971
A Carol for Another Christmas,1964
Who Wants To Kill Jessie?,1966
Xtro 2: The Second Encounter,1990
Xtro 3: Watch the Skies,1995
"Glenn, the Flying Robot",2010
Slipstream,1989
The New Barbarians,1983
Transfer,2010
A Time of Roses,1969
Lipton Cockton in the Shadows of Sodoma,1995
All Superheroes Must Die,2011
Extracted,2012
Judas Kiss,2011
I Know What I Saw,2009
Codependent Lesbian Space Alien Seeks Same,2012
Upstream Color,2013
Thale,2012
Battle of Los Angeles,2011
Death Race: Inferno,2013
Stonehenge Apocalypse,2010
Godzilla vs. Gigan,1972
Désiré,1993
Upside Down,2012
Resident Evil: Degeneration,2008
The Rage,2007
The Devil's Tomb,2009
Universal Soldier: Day of Reckoning,2012
Escape from Planet Earth,2013
How to Make a Monster,2001
Starship Troopers: Invasion,2012
Dark Skies,2013
G.I. Joe: Retaliation,2013
Tripping the Rift: The Movie,2008
The Trial of the Incredible Hulk,1989
The Red Spectacles,1987
Stray Dog: Kerberos Panzer Cops,1991
The Snow Creature,1954
Outlaw of Gor,1988
The Host,2013
Riverworld,2010
009 Re: Cyborg,2012
Koi... Mil Gaya,2003
Dinosaurus!,1960
The War of the Gargantuas,1966
Oblivion,2013
Nazis at the Center of the Earth,2012
God's Puzzle,2008
Battle in Outer Space,1959
Konga,1961
The H-Man,1958
The Invincible Iron Man,2007
Before Your Eyes,2009
"Yongary, Monster from the Deep",1967
Iron Man: Rise of Technovore,2013
Hulk vs. Wolverine,2009
Planet Hulk,2010
Grabbers,2012
The Magnetic Monster,1953
Yesterday Was a Lie,2008
Iron Man 3,2013
Zombies of the Stratosphere,1952
"20,000 Leagues Under the Sea",1997
Manborg,2011
Fortress 2,1999
Star Trek Into Darkness,2013
Ivan Vasilyevich Changes His Profession,1973
Captain America,1979
Captain America II: Death Too Soon,1979
Lathe of Heaven,2002
The Twonky,1953
Earth's Final Hours,2011
After Earth,2013
Man of Steel,2013
The Purge,2013
Tetsuo: The Bullet Man,2009
Fullmetal Alchemist: The Sacred Star of Milos,2011
Pacific Rim,2013
World War Z,2013
Elysium,2013
Europa Report,2013
The World's End,2013
The Tempest,1980
Ghoulies IV,1994
Arctic Blast,2010
Brain Dead,1990
The Terror Within,1989
The Surgeon,1995
Justice League: The Flashpoint Paradox,2013
My Avatar and Me,2010
The Blood Beast Terror,1968
Love,2011
The Colony,2013
The Wolverine,2013
Sol,2012
The Death of the Incredible Hulk,1990
Fetching Cody,2005
Bigfoot,2012
The Last Days,2013
And You Thought Your Parents Were Weird!,1991
Arena,1989
The Second Arrival,1998
Class of 1999,1990
The Giant Claw,1957
The Werewolf,1956
Batman: Mystery of the Batwoman,2003
Green Lantern: Emerald Knights,2011
Creature with the Atom Brain,1955
Class of 1999 II - The Substitute,1994
Riddick,2013
Around the World Under the Sea,1966
About Time,2013
Enter Nowhere,2011
Crawlspace,2012
The Ghostmaker,2011
Mutants,2009
Naked Souls,1996
King Cobra,1999
The Secret of the Third Planet,1981
Bad Girl Island,2009
The Incredible Melting Man,1977
Gravity,2013
Deathsport,1978
The History of Future Folk,2012
Tears of Steel,2012
Dragon Day,2013
Repeaters,2010
Karate-Robo Zaborgar,2011
World Without End,1956
Killers from Space,1954
The Monster that Challenged the World,1957
Scanners II: The New Order,1991
Scanners III: The Takeover,1992
Once Upon a Warrior,2011
The Monitors,1969
Jesse James Meets Frankenstein's Daughter,1966
After the Dark,2013
It's Me It's Me,2013
The Wall,2012
Zombie Apocalypse,2011
Bloodsuckers from Outer Space,1984
The Congress,2013
Earth vs. the Spider,1958
Frankenstein Conquers the World,1965
Godzilla vs. Megaguirus,2000
Godzilla vs. Megalon,1973
Rebirth of Mothra,1996
Godzilla vs. SpaceGodzilla,1994
Space Amoeba,1970
Varan the Unbelievable,1962
Alien Space Avenger,1989
Rebirth of Mothra II,1997
Rebirth of Mothra III,1998
The Borrower,1991
Ender's Game,2013
The Last Days on Mars,2013
Godzilla: Tokyo S.O.S.,2003
Errors of the Human Body,2012
Godzilla Against MechaGodzilla,2002
Latitude Zero,1969
The Hunger Games: Catching Fire,2013
Beyond the Time Barrier,1960
The Flight That Disappeared,1961
Krrish 3,2013
Creatures from the Abyss,1994
End of the World,1977
Z.P.G.,1972
The Galaxy Invader,1985
Trigun: Badlands Rumble,2010
Cyberjack,1995
Gamera,1965
Days of Darkness,2007
Evangelion: 3.0 You Can (Not) Redo,2012
Gamera vs. Barugon,1966
Her,2013
RoboGeisha,2009
The Cosmonaut,2013
Urusei Yatsura 2: Beautiful Dreamer,1984
Dead Weekend,1995
Star Trek: Of Gods And Men,2007
The Frozen Dead,1966
Captive Women,1952
The Deadly Spawn,1983
Snowpiercer,2013
Guest from the Future,1984
Phase 7,2011
The Sandlot: Heading Home,2007
Why Did You Pick On Me?,1980
Ice Quake,2010
Snow Beast,2011
Alien Cargo,1999
Timescape,1992
The Human Race,2013
Highlander: The Search for Vengeance,2007
Bounty Killer,2013
Dollman vs. Demonic Toys,1993
Gold,1934
Earth vs. the Spider,2001
Goliath Awaits,1981
The Valley of Gwangi,1969
Voyage to the Prehistoric Planet,1965
The Killings at Outpost Zeta,1980
Expect No Mercy,1995
Sand Sharks,2011
Starz Inside: Fantastic Flesh,2008
+1,2013
Dragon Crusaders,2011
Divergent,2014
The Prize of Peril,1983
Venus Wars,1989
Gamera vs. Viras,1968
Splatter: Naked Blood,1996
Full Eclipse,1993
Space Raiders,1983
From the Earth to the Moon,1958
The Astounding She-Monster,1958
Snakehead Terror,2004
Beyond Loch Ness,2008
Wonder Woman,2009
Android Apocalypse,2006
Warriors of the Year 2072,1984
Tale of the Mummy,1998
Gamera vs. Guiron,1969
RoboCop,2014
The Zero Theorem,2014
Super Inframan,1975
Love Story 2050,2008
Ultraman,1967
Gamera the Brave,2006
Interstellar,2014
Bionicle: Mask of Light,2003
The Monster X Strikes Back: Attack the G8 Summit,2008
Bionicle: The Legend Reborn,2009
First Squad: The Moment of Truth,2009
Threads of Destiny,2014
Captain EO,1986
Toomorrow,1970
Ashura,2005
Queen of Outer Space,1958
The Man from the Future,2011
Under the Skin,2014
Space Pirate Captain Harlock,2013
Captain America: The Winter Soldier,2014
Mass Effect: Paragon Lost,2012
Avengers Confidential: Black Widow & Punisher,2014
The Green Slime,1968
The Machine,2013
Going Postal,2010
Trancers II: The Return of Jack Deth,1991
Terror Beneath the Sea,1966
Trancers 3: Deth Lives,1992
The Strange World of Planet X,1958
Dinoshark,2010
American Cyborg: Steel Warrior,1994
In Your Eyes,2014
Transcendence,2014
RoboCroc,2013
Age of Dinosaurs,2013
Attack from Space,1965
The Gladiators,1969
Tentacles,1977
Atomic Rulers,1965
City Under Siege,2010
Lucy,2014
X-Men: Days of Future Past,2014
Godzilla,2014
The Treasure Hunter,2009
Invaders from Space,1965
Mega Python vs. Gatoroid,2011
Big Ass Spider!,2013
Edge of Tomorrow,2014
Battle of the Damned,2013
The Shape of Things to Come,1979
Frequencies,2013
The Corridor,2012
Nick Fury: Agent of S.H.I.E.L.D.,1998
Transformers: Age of Extinction,2014
Attack of the 50 Ft. Woman,1993
Day of the Animals,1977
Radio Free Albemuth,2010
Dawn of the Planet of the Apes,2014
The Ultimate Warrior,1975
Ra.One,2011
The Beast with a Million Eyes,1958
The Brain,1988
Operation Ganymed,1977
I Origins,2014
Guardians of the Galaxy,2014
The Signal,2014
Valley of the Dragons,1961
The Visitor,1979
Earth to Echo,2014
Invasion of the Star Creatures,1962
Gog,1954
Sharktopus vs Pteracuda,2014
America 3000,1986
Space Milkshake,2012
Jupiter Ascending,2015
Teenage Mutant Ninja Turtles,2014
I'll Follow You Down,2013
The Giver,2014
Appleseed Alpha,2014
Age of Tomorrow,2014
Kummeli V,2014
The Tunnel,1935
Coherence,2013
Angry Video Game Nerd: The Movie,2014
2081,2009
Atlas Shrugged Part III: Who is John Galt?,2014
Camel Spiders,2011
"20,000 Leagues Under the Sea",1997
Aftermath: Population Zero,2008
The Maze Runner,2014
Sharknado 2: The Second One,2014
The Snails,1966
Angel's Egg,1985
51,2011
Space Station 76,2014
Time of Eve: The Movie,2010
The Rat Savior,1976
Automata,2014
Stereo,1969
Crimes of the Future,1970
Predestination,2014
Alien Predators,1985
Young Ones,2014
The Donkey's Hide,1982
The Purple Ball,1987
The Black Sleep,1956
Left Behind,2014
Extraterrestrial,2014
The Whip Hand,1951
Alien Abduction,2014
The Creeping Terror,1964
Darkside Blues,1994
Disaster L.A.: The Last Zombie Apocalypse Begins Here,2014
Time Lapse,2014
Ex Machina,2015
Strange Invaders,2002
9,2005
Animal,2005
Doctor Strange,2007
An American Tail: The Mystery of the Night Monster,1999
Stranded,2013
These Final Hours,2014
Starship Invasions,1977
Chile Can Do It,2008
Electronic Labyrinth THX 1138 4EB,1967
"Ultramarines: A Warhammer 40,000 Movie",2010
Cyborg 3: The Recycler,1995
Cyborg Cop II,1994
Cyborg Cop III,1995
Scarecrow,2013
Twice-Told Tales,1963
Decoder,1984
Elle: A Modern Cinderella Tale,2011
The Inhabited Island 2: Rebellion,2009
Death Racers,2008
Curse of the Fly,1965
The Brides of Fu Manchu,1966
The Hunger Games: Mockingjay - Part 1,2014
Ambition,2014
Patema Inverted,2013
Jetsons: The Movie,1990
Bloody Birthday,1981
Doctor Who: The Time of the Doctor,2013
20th Century Boys - Chapter 1: Beginning of the End,2008
Rakuen Tsuihou - Expelled from Paradise,2014
Iceman,2014
Alien Nation: Dark Horizon,1994
Alien Nation: Body and Soul,1995
Alien Nation: The Enemy Within,1996
Alien Nation: Millennium,1996
Jurassic World,2015
Pumzi,2009
Dr. Jekyll and Mr. Hyde,2008
Endangered Species,2003
Zeta One,1969
State of Emergency,2011
Batman vs Dracula,2005
Wanderers,2014
Shadowzone,1990
Omega Doom,1996
Hard to Be a God,2013
Spontaneous Combustion,1990
The Frame,2014
Ascension,2014
Paradox,2010
An American Hippie in Israel,1972
Deceit,1992
Piranhaconda,2012
Final,2001
Miss Minoes,2001
Island of the Fishmen,1979
Hands of Steel,1986
The Fishmen and Their Queen,1995
"Silent Night, Deadly Night 5: The Toy Maker",1991
Fireball,2009
Fishtales,2007
Everything I Can See From Here,2013
PK,2014
Flesh Wounds,2011
Thunderpants,2002
Island of Terror,1966
Comet,2014
Futuresport,1998
The Invisible Boy,2014
Chappie,2015
Implanted,2013
Terminator Genisys,2015
Super Capers,2009
Frankenstein,2004
Bloodsuckers,2005
Santos,2008
V,1983
Highlander V: The Source,2007
Flu,2013
V: The Final Battle,1984
Shortcut to Happiness,2003
Unearthed,2007
The Anomaly,2014
Highway to Hell,1991
U.F.O.,2012
Someone's Gaze,2013
Time Freak,2011
Planet of Dinosaurs,1977
The Blood of Fu Manchu,1968
Altitude,2010
Python,2000
Battle of the Stars,1978
War of the Planets,1977
Super Stooges vs the Wonder Women,1974
Stuart Little 3: Call of the Wild,2005
Snow Queen,2002
The Bone Snatcher,2003
The Gene Generation,2007
Master of the World,1961
Knights,1993
Sabretooth,2002
The Captains,2011
The Land Before Time VII: The Stone of Cold Fire,2000
Ice Soldiers,2013
TekWar: TekJustice,1994
War of the Colossal Beast,1958
The Six Million Dollar Man,1973
They Came from Beyond Space,1967
Tales That Witness Madness,1973
Supernova,2005
JLA Adventures: Trapped in Time,2014
TekWar: TekLab,1994
TekWar: TekLords,1994
The Underneath,2013
Stranded,2002
Oblivion,1994
Nemesis 4: Death Angel,1996
Nemesis 3: Time Lapse,1996
My Brother the Pig,1999
Monster,2008
Mad Max: Fury Road,2015
Star Wars: The Force Awakens,2015
Avengers: Age of Ultron,2015
Avatar 2,2020
Justice League,2017
Ant-Man,2015
Fantastic Four,2015
Thor: Ragnarok,2017
Guardians of the Galaxy Vol. 2,2017
Captain America: Civil War,2016
Doctor Strange,2016
X-Men: Apocalypse,2016
Scorpio One,1998
Man Made Monster,1941
P.U.N.K.S,1999
Mongolian Death Worm,2010
The Facility,2012
The Land Before Time XI: Invasion of the Tinysauruses,2005
Taken,2002
The Incredible 2-Headed Transplant,1971
Project Shadowchaser II,1994
Orion's Key,1996
Curtain Call,1998
Talking to Heaven,2002
The Land Before Time XII: The Great Day of the Flyers,2006
Invasion,1997
Last Rites,2006
Goldengirl,1979
Mad About Men,1954
Scared To Death,1981
Riverworld,2003
Mark of the Astro-Zombies,2002
Alice in Wonderland,1966
Project Shadowchaser III,1995
Menno's Mind,1997
Vicious Lips,1986
Precious Find,1996
"Invasion, U.S.A.",1952
Solar Attack,2006
Journey to the Center of the Earth,1989
Holocaust 2000,1977
The Day Mars Invaded Earth,1963
The Mysterious Island,1973
Delirium,2014
Moon Zero Two,1969
Chosen Survivors,1974
Justice League: Throne of Atlantis,2015
Project: Shadowchaser,1992
Mars,1968
TekWar,1994
The Beast of Hollow Mountain,1956
Real,2013
Shock Treatment,1973
Mandrake,2010
Space Warriors,2013
Way Way Out,1966
Velocity Trap,1999
Razortooth,2007
The Arrival of Wang,2012
Horror of the Blood Monsters,1970
2012: Ice Age,2011
Doomsday Prophecy,2011
Lightspeed,2006
The Shadow Men,1997
Subliminal Seduction,1996
Virtual Combat,1995
The Terror Within II,1991
Solyaris,1968
The Hyperboloid of Engineer Garin,1965
Cosmic Journey,1936
Age of Ice,2014
Zodiac,2014
The Humanoid,1979
Vanishing Waves,2012
Kenny Begins,2009
The Heart of the World,2000
The Man Who Could Cheat Death,1959
City Zero,1989
The Man Who Changed His Mind,1936
The Man They Could Not Hang,1939
The Land Unknown,1957
Crazy Thunder Road,1980
Project Almanac,2015
The First Men in the Moon,2010
Advantageous,2015
Z for Zachariah,2015
Zenith,2010
Alien Outpost,2014
Vice,2015
Battletruck,1982
The Glitterball,1977
The Questor Tapes,1974
Calculator,2014
The Three Fantastic Supermen,1967
Scourge,2008
Project Viper,2002
Hardwired,2009
When Good Ghouls Go Bad,2001
Cody the Robosapien,2013
Pulse,1987
Murder by Phone,1982
Lunopolis,2009
The Shepherd,1999
12:01 PM,1990
"Honey, We Shrunk Ourselves",1997
Gamera vs. Zigra,1971
JohnnyExpress,2014
The Clowns,1970
France société anonyme,1974
Marvel One-Shot: Item 47,2012
Arabian Adventure,1979
Urban Warriors,1987
The Robot vs. The Aztec Mummy,1958
Ghost in the Shell Arise - Border 1: Ghost Pain,2013
The Impossible Voyage,1904
Mardock Scramble: The Second Combustion,2011
The incredible Paris Incident,1967
Des fleurs pour Algernon,2006
Tribulation,2000
Absolute Aggression,2004
Mega Piranha,2010
Men in White,1998
Transmorphers,2007
The Time Guardian,1987
Patrick,2013
Ruby Red,2013
The Infinite Man,2014
Insurgent,2015
The Amazing Screw-On Head,2006
Home,2015
Midnight Special,2016
Ghosts Can't Do It,1989
The Whisperer in Darkness,2011
Spring,2014
Power Rangers,2015
Trapped in Space,1994
Spiders 2: Breeding Ground,2001
The Last Chase,1981
Stargate SG-1: Children of the Gods - Final Cut,2009
Dinotopia: Quest for the Ruby Sunstone,2005
20 Years After,2008
Parallels,2015
Dead Rising: Watchtower,2015
Deep Space,1988
Patrick,1978
Sabrina the Teenage Witch,1996
The Rig,2010
The Ugly Swans,2006
Can of Worms,1999
The Invisible Kid,1988
Monster High,1989
Nightmare Weekend,1986
The Revenge of the Teenage Vixens from Outer Space,1985
Ghost Chase,1987
Tomorrowland,2015
Say Nothing,2001
The Reconstruction of William Zero,2015
Toxin,2014
Parts Per Billion,2014
Frankenstein 1970,1958
Mutant Hunt,1987
Watchers II,1990
Spiders,2013
Survivor,2014
Patlabor 2: The Movie,1993
Exaella,2011
Threshold,1981
Nuntius,2014
Jersey Shore Shark Attack,2012
Halo: Nightfall,2014
I'm Not Jesus Mommy,2011
Downstream,2010
The Chain Reaction,1980
The Walking Deceased,2015
Target Earth,1954
The Velveteen Rabbit,2009
Captive Wild Woman,1943
The Spy Who Loved Flowers,1966
B/W,2015
100 Degrees Below Zero,2013
Breeders,1997
LFO,2013
Infini,2015
Dark Space,2013
Mutant World,2014
Erotic Games in the Third Galaxy,1981
Three Inches,2011
Anonymous Rex,2004
Anthrax,2001
Monsters: Dark Continent,2014
Eyeborgs,2009
The Lobster,2015
Scintilla,2014
Alien Origin,2012
Brave Story,2006
2047: Sights of Death,2014
Starship Rising,2014
San Andreas Quake,2015
Voyage to the Planet of Prehistoric Women,1968
Lady Frankenstein,1971
The Martian,2015
I Am Omega,2007
The Alien Factor,1978
Kung Fury,2015
Agente Logan - missione Ypotron,1966
The Last Days of the World,2011
Forbidden World,1982
Mars,2010
Flight World War II,2015
Hibernatus,1969
Satellite in the Sky,1956
The Golden Bat,1966
The Colour Out of Space,2010
Technotise: Edit & I,2009
The Hunger Games: Mockingjay - Part 2,2015
Pixels,2015
Allegiant,2016
The Brain from Planet Arous,1957
The Star Wars Holiday Special,1978
Frankenstein,2004
Zenon: The Zequel,2001
Alien vs. Ninja,2010
Ghost in the Shell: Stand Alone Complex - The Laughing Man,2005
Guardian,2001
Self/less,2015
Suicide Squad,2016
Aurora,2016
Independence Day: Resurgence,2016
Star Trek Beyond,2016
Debug,2014
Trava: Fist Planet,2003
Rewind,2013
Mothman,2010
Absolutely Anything,2015
Firestarter 2: Rekindled,2002
Killer Tomatoes Eat France!,1992
Universal Soldier III: Unfinished Business,1999
Pulse 2: Afterlife,2008
Universal Soldier II: Brothers in Arms,1998
Journey to the Center of the Earth,1999
Killer Tomatoes Strike Back!,1991
The Terminators,2009
Android Cop,2014
Smart House,1999
Mega Man,2010
Street Fighter: Round One - FIGHT!,2009
Sharknado 3: Oh Hell No!,2015
Scooby-Doo! and the Cyber Chase,2001
Ghost in the Shell 2.0,2008
Hellboy Animated: Sword of Storms,2006
Robot Chicken: Star Wars,2007
Teen Titans: Trouble in Tokyo,2006
Gingerdead Man 3: Saturday Night Cleaver,2011
The Prodigies,2011
Jurassic City,2014
Dinosaur Island,2014
Battle For SkyArk,2015
The Scopia Effect,2014
Moebius,1996
A Ticket to Space,2006
Random Quest,2006
Robot Overlords,2015
Invitation to Hell,1984
Killdozer,1974
The Price of Life,1987
The Phantom Planet,1961
The Lovers,2015
95ers: Time Runners,2013
R.O.D - Read or Die,2001
Mosquito,1995
Mutator,1989
The Creature Walks Among Us,1956
Astronaut: The Last Push,2012
Cinderella 2000,1977
Dracula vs. Frankenstein,1971
Brain of Blood,1971
The Seed of Man,1969
Dimensions,2011
Embryo,1976
Mammoth,2006
Enigma,2009
Invader,1997
Spectral,2016
The Last Man on Earth,2011
Dark Mountain,2013
After Death,2012
Memory Lane,2011
Tokyo Tribe,2014
Spiders,2000
Creature,1985
Crawl or Die,2014
The Rift,1990
This Is Not a Movie,2011
Ticks,1993
Empty,2011
The Void,2001
World Gone Wild,1987
Plastic Little: The Adventures of Captain Tita,1994
Trucks,1997
Sons of Liberty,2013
Metamorphosis,1990
Timebomb,1991
Road Wars,2015
LA Apocalypse,2014
The Man Who Wasn't There,1983
The Lazarus Papers,2009
Mutants,2008
The 27th Day,1957
Lavalantula,2015
Sharktopus vs. Whalewolf,2015
The Phoenix Project,2015
Firequake,2014
Chrysalis,2007
Robotrix,1991
Ghost in the Shell Arise - Border 2: Ghost Whispers,2013
Ghost in the Shell Arise - Border 3: Ghost Tears,2014
Ghost in the Shell Arise - Border 4: Ghost Stands Alone,2014
The Bees,1978
Women of the Prehistoric Planet,1966
Extinction,2015
P-51 Dragon Fighter,2014
Mobile Suit Gundam II: Soldiers of Sorrow,1981
Mobile Suit Gundam III: Encounters in Space,1982
Doctor Who: The Waters of Mars,2009
Atom Man vs Superman,1950
Superman,1948
The Invisible Boy,1957
Captain America,1944
Sting of the Black Scorpion,2002
Black Scorpion,1995
Black Scorpion II: Aftershock,1997
"Family Guy Presents: Something, Something, Something, Dark Side",2009
Planet Outlaws,1953
Hellboy Animated: Blood and Iron,2007
"Gwen, the Book of Sand",1985
The Electric Hotel,1908
Harbinger Down,2015
The Bunker of the Last Gunshots,1981
Almost Normal,2005
Bermuda Tentacles,2014
Attack on Titan,2015
Air,2015
009-1: The End of the Beginning,2013
Witchville,2010
964 Pinocchio,1991
Butterfly,2015
Ditto,2000
Victor Frankenstein,2015
Ferat Vampire,1982
Guardians,2017
Green Snake,1993
The Premonition,1976
Cyber Wars,2004
Spoiler,1998
Meatball Machine,2005
Deathline,1997
Cyber City Oedo 808,1990
"Hard Revenge, Milly: Bloody Battle",2009
Terminal Justice,1996
Humanity's End,2009
Equals,2015
Star Trek: Renegades,2015
Extinction: The G.M.O. Chronicles,2011
In the Dust of the Stars,1976
Moscow-Cassiopeia,1973
Turbo Kid,2015
2033,2010
Ga-ga: Glory to the Heroes,1986
Area 51,2015
Prototype,1992
Ejecta,2014
"OMG, I'm a Robot!",2015
KillerSaurus,2015
Hot Wheels Acceleracers: Ignition,2005
Snowglobe,2007
A Little Bit Zombie,2012
Parasite Dolls,2003
Listening,2015
Proteus,1995
The Snow Devils,1967
Battle of the Worlds,1961
Assignment: Outer Space,1960
Alien from the Deep,1989
Attack on Titan II: End of the World,2015
Into the Forest,2016
First Spaceship on Venus,1960
City Beneath the Sea,1971
Hardcore Henry,2015
Scanner Cop,1994
Infinite,2012
Black River,2001
Headspace,2005
The Dark,1979
The Dark Hour,2006
Crumbs,2015
The Quiet Hour,2014
Robot Wars,1993
Robo Warriors,1996
Laserblast,1978
Nightbeast,1982
Minutemen,2008
Jett Jackson: The Movie,2001
The Horror of Frankenstein,1970
Tremors 5: Bloodlines,2015
Narcopolis,2015
Iron Sky: The Coming Race,2018
The Circle,2017
Attack of the 60 Foot Centerfold,1995
Fuga de cerebros 2,2011
Carny,2009
Total Reality,1997
Rage,2010
A Daughter Of Destiny,1928
2103: The Deadly Wake,1997
June,2015
The Hive,2015
Re-Kill,2015
Patch Town,2014
ABE,2013
Abiogenesis,2011
MW,2009
The Midnight After,2014
The Twins Effect II,2004
11 A.M.,2013
Clockstoppers,2002
Circle,2015
Haunters,2010
The Dead Zone,2002
Heaven's Soldiers,2005
Creative Control,2016
Lifepod,1993
Gunhed,1989
Freaks of Nature,2015
The Diabolical,2015
The Tunnel,1933
A Chinese Ghost Story,2011
Imagination,2008
The Sea Serpent,1984
Ghost Shark,2013
Revelation,2001
Bigfoot,1970
Sci-fighters,1996
Exterminators of the Year 3000,1983
The Challenge,2003
Lake Placid 2,2007
Lake Placid 3,2010
Lake Placid: The Final Chapter,2012
Night Slaves,1970
Lovemilla,2015
The Day the Sky Exploded,1958
Idaho Transfer,1973
American Warships,2012
Cruel & Unusual,2014
Rats: Night of Terror,1984
Shocking Dark,1990
The Phoenix Incident,2015
Skinwalker Ranch,2013
A Nymphoid Barbarian in Dinosaur Hell,1990
Mr. India,1987
Princes and Princesses,2000
Containment,2015
The Subjects,2015
The Gendarme and the Creatures from Outer Space,1979
Cosmic Scrat-tastrophe,2015
Without Knowing Anything About Her,1969
400 Days,2015
Metamorphosis : The Alien Factor,1990
The Isle of Lost Ships,1987
Ku! Kin-dza-dza,2013
Anacondas: Trail of Blood,2009
Hammerhead,2005
Area 407,2012
Doctor Who: Last Christmas,2014
Doctor Who: Planet of the Dead,2009
Doctor Who: The Next Doctor,2008
Doctor Who: Voyage of the Damned,2007
Doctor Who: The Runaway Bride,2007
Johnny 2.0,1998
Dark Rising 2:  Summer Strikes Back,2011
Transformers Prime Beast Hunters: Predacons Rising,2013
The Mind Snatchers,1972
Petey Wheatstraw,1977
Hard to Be a God,1989
Miami Golem,1985
The 5th Wave,2016
Escape from the Bronx,1983
"10,000 Days",2014
Awaken,2013
Reaper,2015
Mars Needs Women,1967
Quantum Apocalypse,2010
End of the World,2013
The 12 Disasters of Christmas,2012
Earthfall,2015
Mega Shark vs. Mecha Shark,2014
Christmas Icetastrophe,2014
Seattle Superstorm,2012
Chaos on the Bridge,2015
American Hero,2015
The Incident,2014
Visitors of the Night,1995
Psalm 21,2009
Beneath Loch Ness,2002
Evil Alien Conquerors,2003
Ghost in the Shell: The New Movie,2015
World of Tomorrow,2015
Ice Spiders,2007
Encounters,2015
Doctor Mordrid,1992
OzLand,2015
Another World,2014
The Zohar Secret,2015
Parasyte: Part 1,2014
Parasyte: Part 2,2015
A Cosmic Christmas,1977
Mobile Suit Gundam F91,1991
Mobile Suit Gundam: Char's Counterattack,1988
Legend of the Galactic Heroes: My Conquest Is the Sea of Stars,1988
R.O.T.O.R.,1987
Chrysalis,2014
Childhood's End,2015
3-Headed Shark Attack,2015
The Stone Tape,1972
Barking at the Stars,1998
Senn,2013
Shadows on the Wall,2014
Altergeist,2014
500 MPH Storm,2013
Cowboys vs. Dinosaurs,2015
Garm Wars: The Last Druid,2014
Super Shark,2011
Science Fiction,2002
How to Build a Better Boy,2014
"White Out, Black In",2014
Warlords of Atlantis,1978
Girl vs. Monster,2012
Legend of the Millennium Dragon,2011
Assassination Classroom,2015
Vampirella,1996
Doctor Who: The Husbands of River Song,2015
Aimy in a Cage,2016
Uncanny,2015
Who?,1974
The Two Faces of Dr. Jekyll,1960
Descendents,2008
Mandroid,1993
Prehysteria!,1993
Dream a Little Dream 2,1995
Batman: Bad Blood,2016
Under Electric Clouds,2015
Weasels Rip My Flesh,1979
Mill of the Stone Women,1960
The Flash 2 - Revenge of the Trickster,1991
Terminus,2015
The Perfect 46,2014
Satanik,1968
The War in Space,1977
Hundra,1983
Lazer Team,2016
The Survivalist,2015
Zero,2015
April and the Extraordinary World,2015
Reptilicus,1961
Revenge of the Stepford Wives,1980
Ghost in the Shell: Stand Alone Complex - Solid State Society,2007
Arrowhead,2016
Amazons,1986
Space Cop,2016
Pandemic,2016
10 Cloverfield Lane,2016
The Desert,2013
Sum of Histories,2015
Bunker Palace Hotel,1989
Southbound,2015
Arachnia,2003
Ogre,2008
Dinocroc,2004
The Monster of Piedras Blancas,1959
Komodo vs. Cobra,2005
Vipers,2008
Venomous,2002
Snakeman,2005
Lockjaw: Rise of the Kulev Serpent,2008
Regular Show: The Movie,2015
Project-M,2014
Pig,2011
Transmorphers Fall of Man,2009
Atlantic Rim,2013
AE: Apocalypse Earth,2013
AVH: Alien vs. Hunter,2007
Nightmare Code,2014
Jurassic Prey,2015
The Sand,2015
Vaah! Life Ho Toh Aisi!,2005
Aashiq Banaya Aapne,2005
Days of Eclipse,1988
Twilight Zone,1993
Bipedalism,2005
A Humble Life,1997
Chronopolis,1982
Toy Reanimator,2002
Barren Illusion,1999
Atlantis,2008
The Frankenstein Theory,2013
Alien Abduction: Incident in Lake County,1998
Jaane Hoga Kya,2006
Never Travel on a One Way Ticket,1987
Killed by Lightning,2002
Future War,1997
"My God, My God, Why Hast Thou Forsaken Me?",2005
Leda - The Fantastic Adventure of Yohko,1985
Time Runner,1993
Eega,2012
Roboshark,2015
984: Prisoner of the Future,1982
Conspiracy Encounters,2016
The Fabulous World of Jules Verne,1958
The War of the Worlds: Next Century,1981
100 Million BC,2008
Plan 9,2015
Straight Story,2006
Die Abrafaxe - Unter schwarzer Flagge,2001
Creature,2014
Stonados,2013
Thumb Wars: The Phantom Cuticle,1999
Dreamland,2007
On the Comet,1970
Slow Action,2010
Wool 100%,2006
Blazing a Trail to the Stars,1958
White Wall,2010
The Mermaid,2016
Beyond,2014
They Call Me Jeeg Robot,2015
Night Sights,2011
Noiseman Sound Insect,1997
Hot Bot,2016
Ava's Possessions,2015
Weaponized,2016
Earthling,2011
The Flying Man,2013
Tales from the Crapper,2004
Return to Nuke 'Em High Volume 1,2013
The Encounter,2015
The Giant Behemoth,1959
Bela Lugosi Meets a Brooklyn Gorilla,1952
Hibernation,2005
Remote Control,1988
Smorgasbord,1983
Kryptonita,2015
Prospect,2014
Creature,1998
Path of Destruction,2005
Kamikaze 1989,1982
Sight,2012
Sundays,2015
Snow Shark: Ancient Snow Beast,2011
Project X,1968
Man Vs.,2015
Kara,2012
Exodus: Tales from the Enchanted Kingdom,2005
Jurassic Attack,2012
Poseidon Rex,2014
Sharkman,2001
The Garden of Sinners: Future Gospel,2013
Jackrabbit,2015
Turkey Shoot,1982
No Men Beyond This Point,2015
Mock Up on Mu,2008
Welcome to Blood City,1977
Mobile Suit Gundam 00: A Wakening of the Trailblazer,2010
Slugs,1988
KISS Meets the Phantom of the Park,1978
Embers,2015
Paradox,2016
Indru Netru Naalai,2015
Die Wolke,2006
Tenchi the Movie 2: The Daughter of Darkness,1997
Armitage: Dual Matrix,2002
Gundress,1999
Legend of Crystania: The Motion Picture,1995
Karas: The Prophecy,2005
Zone of the Enders: Idolo,2001
Battle Fairy Yukikaze,2002
Sin: The Movie,2000
Freedom,2006
Legend of Lemnear,1987
M.D. Geist II: Death Force,1996
Agent Aika,1997
M.D. Geist,1986
Galerions Rion,2004
Angel Cop,1989
Outlanders,1986
Saber Marionette R,1995
Synchronicity,2015
Dead Shadows,2012
SORI: Voice from the Heart,2016
Androids Dream,2014
Magnetic Rose,1995
Residue,2015
The Nostalgist,2014
Real Playing Game,2013
7Aum Arivu,2011
Buck Rogers,1939
Buck Rogers in the 25th Century,1979
Hyper Sapien: People from Another Star,1986
The Space Children,1958
CyberTracker,1994
Deathlands,2003
Boy 7,2015
Basilisk: The Serpent King,2006
Kill Command,2016
The Philadelphia Experiment,2012
Second Nature,2003
Emmanuelle 2000: Emmanuelle's Intimate Encounters,2000
Doomsday Machine,1972
There Will Come Soft Rains,1984
Neo Tokyo,1989
Sharkansas Women's Prison Massacre,2015
Beyond the Rising Moon,1988
2020 Texas Gladiators,1983
Zoombies,2016
A Knight in Camelot,1998
Circuitry Man II: Plughead Rewired,1994
Approaching the Unknown,2016
Andron,2015
Prey,1977
Cell,2016
Into Pitch Black,2000
The Neanderthal Man,1953
Intruders,1992
Identicals,2015
The Hive,2008
Invasion of the Saucer-Men,1957
Future Kick,1991
Curse of the Faceless Man,1958
Ragin Cajun Redneck Gators,2013
Miami Magma,2011
Unaware,2013
Almost Human,2013
Mansquito,2005
Wild Palms,1993
Spasms,1983
Thirst,1979
Horror Hospital,1973
Memory Run,1995
The Demolitionist,1995
Quarantine L.A.,2013
The Asylum,2013
Atomic War Bride,1960
Hellevator,2004
The Return,1980
The Portal,2014
51 Degrees North,2015
Webmaster,1998
One Day Like Rain,2007
Dead Sea,2014
Lake Eerie,2016
Reality XL,2012
Sunspring,2016
Helix,2015
Our RoboCop Remake,2014
Cyborg X,2016
Encounters in the Deep,1979
Alien Tornado,2012
Terra Formars,2016
Kingsglaive: Final Fantasy XV,2016
The Call Up,2016
Sharknado 4: The 4th Awakens,2016
Daylight's End,2016
Starship,1984
Viral,2016
The Mind's Eye,2015
Polar Storm,2009
Beta Test,2016
Starchaser: The Legend of Orin,1985
Droid Gunner,1995
UFO... annientare S.H.A.D.O. stop. Uccidete Straker...,1972
UFO - Distruggete base Luna!,1971
Invaders from the Deep,1981
Morgan,2016
Hologram Man,1995
Empire of Corpses,2015
No Budget Story,1997
When Women Had Tails,1970
The Invisible Maniac,1990
Steel Frontier,1995
Broken Blade: Book Six - Enclave of Lamentations,2011
Steins;Gate: The Movie − Load Region of Déjà Vu,2013
Psycho-Pass: The Movie,2015
The Black Hole,2015
Shin Godzilla,2016
Deep Core,2000
Birdemic 2: The Resurrection,2013
Black Road,2015
Mamaboy,2017
Virtual Revolution,2016
School in the Crosshairs,1981
After the Apocalypse,2004
The Erotic Misadventures of the Invisible Man,2003
ARQ,2016
20th Century Boys - Chapter 2: The Last Hope,2009
20th Century Boys - Chapter 3: Our Flag,2009
Mad Doctor of Blood Island,1969
Behind the Planet of the Apes,1998
Desolate,2013
Arrival,2016
Terminal Invasion,2002
Alien Apocalypse,2005
Journey to the Seventh Planet,1962
Zarkorr! The Invader,1996
Loop,2016
Maximum Ride,2016
The Brain Eaters,1958
The Flesh Eaters,1964
The Hexer,2001
I Am a Hero,2015
Raiders of the Sun,1992
Pilot Pirx's Inquest,1979
Teens in the Universe,1975
Failure of Engineer Garin,1973
The Clone Returns Home,2008
Body Melt,1994
Capsule,2015
Set the Thames on Fire,2016
Colossal,2017
Crash and Burn,1990
How to Make a Monster,1958
Phantasm: Ravager,2016
Teenage Cave Man,1958
Wicked Stepmother,1989
The White King,2017
Slave Girls from Beyond Infinity,1987
Roller Blade Warriors: Taken by Force,1989
Max Steel,2016
The Invisible Man's Revenge,1944
The Rocky Horror Picture Show: Let's Do the Time Warp Again,2016
Bang Bang Baby,2014
Cinderella,1899
The Monk and the Demon,2016
Trancers 6: Life After Deth,2002
Mars,1998
RWD,2015
Alien 2: On Earth,1980
Team Thor,2016
Somnus,2016
H.,2014
Starship Apocalypse,2014
Ghosts with Shit Jobs,2012
Flatland,2007
Marvel One-Shot: The Consultant,2011
Japan Sinks,2006
Scrat: Spaced Out,2016
Night Shadows,1984
The Untamed,2016
Crack in the World,1965
Officer Downe,2016
Legend of Dinosaurs and Monster Birds,1977
Fugitive Alien,1987
Alienate,2016
The Space Between Us,2017
Rogue One: A Star Wars Story,2016
L'Inhumaine,1924
"End of Days, Inc.",2015
Hobgoblins,1988
Seedpeople,1992
The Alien Saga,2002
Passengers,2016
Pixels,2010
Twilight of the Dark Master,1998
Automatic,1995
Wonder Women,1973
Pass-Thru,2016
Glen and Randa,1971
Assassin's Creed,2016
The Darkest Dawn,2016
Dexter's Laboratory: Ego Trip,1999
The Aftermath,1982
Monster Trucks,2016
A Cure for Wellness,2017
Galaxy Hunter,2004
Closer to God,2015
DC Showcase: Catwoman,2011
Batman Beyond Darwyn Cooke's Batman 75th Anniversary Short,2014
Deep Evil,2004
Death Race 2050,2017
The Sisterhood,1988
Equalizer 2000,1987
Wheels of Fire,1985
Rupture,2016
Marvel One-Shot: Agent Carter,2013
Marvel One-Shot: A Funny Thing Happened on the Way to Thor's Hammer,2011
Ferocious Planet,2011
Don't Grow Up,2015
ISRA 88,2016
Logan,2017
Strange Frequency,2001
Passage to Mars,2016
Science Fiction Volume One: The Osiris Child,2017
MindGamers,2015
Saturn 3,1980
Justice League Dark,2017
The Similars,2015
Resident Evil: The Final Chapter,2016
11 Minutes Ago,2007
iBoy,2017
Ghost in the Shell,2017
Lost in the Pacific,2016
Attraction,2017
The Stranger,1973
Enemy Empire,2013
Third Guest,2016
Bad Kids of Crestview Academy,2017
Tiramisu,2002
Tykho Moon,1996
The Tribe,2016
They Nest,2000
Major Grom,2017
Gantz:O,2016
Shyness Machine Girl,2009
Asteria,2017
Scavengers,2013
The Void,2016
Disaster!,2006
Painkillers,2015
Goblin,2010
Life,2017
Race to Mars,2007
Sleight,2017
Guyver: Dark Hero,1994
2 Lava 2 Lantula!,2016
Power Rangers,2017
Alien: Covenant,2017
Escape from Mars,1999
The Shaman,2015
2001: A Space Travesty,2000
Timecop 2: The Berlin Decision,2003
Epoch: Evolution,2003
Epoch,2001
The Tommyknockers,1993
Darkman III: Die Darkman Die,1996
The Time Shifters,1999
Species: The Awakening,2007
Species III,2004
Ultimate Avengers 2,2006
Thirst,2016
Space Mutiny,1988
Encounter at Raven's Gate,1988
Bokeh,2017
Red Nightmare,1962
Carnage: Swallowing the Past,2017
Vulcania,2015
Amphibian Man,1962
The Discovery,2017
Toward the Terra,1980
Lone Wolves,2016
Julie & Jack,2003
The Coming Days,2010
Teen Titans: The Judas Contract,2017
24,2016
Beware! The Blob,1972
Spark: A Space Tail,2017
We are the tide,2016
Replica,2005
Teleios,2017
Here Alone,2016
The Rift,2016
Resident Evil: Vendetta,2017
Mars of Destruction,2005
Phoenix Forgotten,2017
Circuitry Man,1990
Flatland: The Film,2007
The Dark Tapes,2017
Beyond Skyline,2017
The Time Travelers,1964
Mars and April,2012
Origin,2016
Moontrap: Target Earth,2017
Fire Maidens of Outer Space,1956
Megafault,2009
Shockwave Darkside,2014
Japon İşi,1987
The Fog,2010
Revenge of the Creature,1955
Virtual Nightmare,2000
InAlienable,2008
The Hidden II,1993
You're So Cupid,2010
Taking Earth,2017
Last Woman on Earth,1960
A.P.E.X.,1994
Moontrap,1989
Showdown at Area 51,2007
Okja,2017
Daemonium: Soldier of the Underworld,2015
Embassy,2013
Outpost: Rise of the Spetsnaz,2013
Mirror for a Hero,1987
Parasite Eve,1997
The Stone Raft,2002
Realive,2016
Time Chasers,1994
Oasis,2017
Phoenix,1995
The Shadow Effect,2017
The Answer,2015
"Wax, or the Discovery of Television Among the Bees",1991
The Lost World,2001
Monster a-Go Go,1965
Project: ALF,1996
Not Quite Human,1987
Miracle Beach,1992
Justin Time,2010
The Last Man on Earth,2014
Deal of a Lifetime,1999
Tamala 2010: A Punk Cat in Space,2002
Easy on the Eyes,2014
Alive in Joburg,2005
Survivor,1999
To The Stars By Hard Ways,1980
Hooked on the Game 2. The Next Level,2010
The Interceptor,2009
Hooked on the Game,2009
Nightmare City 2035,2007
Ares,2016
Portal: No Escape,2011
Mechenosets,2006
The Adventures of the Electronic,1979
Drive,1997
Paragraph 78: Film One,2007
Phenomenon II,2003
"Chelovek, kotoryy znal vsyo",2009
The Black Hole,2006
Star Runners,2009
Kunskapens pris - balladen om den vilsne vandraren,2007
A Detective Story,2003
Beyond,2003
World Record,2003
Final Flight of the Osiris,2003
Kid's Story,2003
Program,2003
Robotropolis,2011
Ghost Recon: Alpha,2012
The Infinite Worlds of H.G. Wells,2001
The Day of the Triffids,2009
The Slime People,1963
Robot Holocaust,1986
Blame!,2017
Lost Continent,1951
King Dinosaur,1955
Extraterrestrial Visitors,1983
The Amazing Colossal Man,1957
Star Force: Fugitive Alien II,1987
Manhunt in Space,1956
Crash of Moons,1954
The Eye Creatures,1965
The Human Duplicators,1965
The Wild World of Batwoman,1966
12 to the Moon,1960
Danger!! Death Ray,1967
Night of the Blood Beast,1958
Terror from the Year 5000,1958
I Was a Teenage Werewolf,1957
Riding with Death,1976
Prince of Space,1959
The Projected Man,1966
Gorgo,1961
Soultaker,1990
Track of the Moon Beast,1976
Brides of Blood,1968
Kill Switch,2017
The Bad Batch,2017
War for the Planet of the Apes,2017
How to Talk to Girls at Parties,2017
Hangar 10,2014
Valerian and the City of a Thousand Planets,2017
Lensman,1984
The Gracefield Incident,2017
Legend of the Galactic Heroes: Overture to a New War,1993
The Northlander,2016
"Abraxas, Guardian of the Universe",1990
Interceptors,1999
Nemesis,1992
Recon 2020:  The Caprini Massacre,2004
977,2006
Frost,2012
Extraterrestrial,2007
Gamer,2001
Star Command,1996
Interceptor Force 2,2002
They Are Among Us,2004
Spermula,1976
The Guyver: Bio-Booster Armor,1989
Black Magic M-66,1987
Dr. Alien,1989
2012 Doomsday,2008
The Chronicles of Riddick: Dark Fury,2004
Appleseed: Ex Machina,2007
The Giant King,2012
The Dark Side of The Moon,1990
The Invisible Man,1984
Exit,2000
Tomorrow I'll Wake Up and Scald Myself with Tea,1977
30 Years to Life,1998
Blood Freak,1972
Lucid Dream,2017
Stasis,2017
What Happened to Monday,2017
Duck Dodgers in the 24½th Century,1953
Black Mirror: White Christmas,2014
The '?' Motorist,1906
UFO Abduction,1989
Rakka,2017
The Void,2016
Cream,2017
Orbiter 9,2017
The Easter Bunny Is Comin' to Town,1977
Pokémon 4Ever: Celebi - Voice of the Forest,2001
Mutafukaz,2017
Transformers: The Last Knight,2017
Curtain,2015
I Am So Proud of You,2008
Night Skies,2007
Island of Lost Women,1959
Nukie,1988
Gor,1987
Ghost in the Shell Arise - Border 5: Pyrophoric Cult,2015
5ive Days to Midnight,2004
Firebase,2017
Revolt,2017
The Dark Tower,2017
Nowhere Boys: The Book of Shadows,2016
The Conquest of the Pole,1912
Independents' Day,2016
Dust,2005
Doctor Who: Time Crash,2007
Elegy,2014
Plug,2014
Devil's Gate,2017
On Your Mark,1995
Delivery,2005
Anti Matter,2016
Drone Wars,2016
Zygote,2017
King Size,1988
Possibility of an Island,2008
Megaville,1990
Nude on the Moon,1961
Vampires in Havana,1985
High Plains Invaders,2009
Frankenstein Created Woman,1967
Dead and Deader,2006
The Return of Captain Invincible,1983
The Stranger: Summoned by Shadows,1991
TechnoCalyps,2006
Starquest II,1996
The Man with the Rubber Head,1901
Caged Heat 3000,1995
